id,ano,codigo,ccr
1,2015,8500,UFT.2015(L)8500
2,2015,8501,UFT.2015(L)8501
3,2015,8502,UFT.2015(L)8502
4,2015,8503,UFT.2015(L)8503
5,2015,8504,UFT.2015(L)8504
6,2015,8505,UFT.2015(L)8505
7,2015,8506,UFT.2015(L)8506
8,2015,8507,UFT.2015(L)8507
9,2015,8508,UFT.2015(L)8508
10,2015,8509,UFT.2015(L)8509
11,2015,8510,UFT.2015(L)8510
12,2015,8511,UFT.2015(L)8511
13,2015,8512,UFT.2015(L)8512
14,2015,8513,UFT.2015(L)8513
15,2015,8514,UFT.2015(L)8514
16,2015,8515,UFT.2015(L)8515
17,2015,8516,UFT.2015(L)8516
18,2015,8517,UFT.2015(L)8517
19,2015,8518,UFT.2015(L)8518
20,2015,8519,UFT.2015(L)8519
21,2015,8520,UFT.2015(L)8520
22,2015,8521,UFT.2015(L)8521
23,2015,8522,UFT.2015(L)8522
24,2015,8523,UFT.2015(L)8523
25,2015,8524,UFT.2015(L)8524
26,2015,8525,UFT.2015(L)8525
27,2015,8526,UFT.2015(L)8526
28,2015,8527,UFT.2015(L)8527
29,2015,8528,UFT.2015(L)8528
30,2015,8529,UFT.2015(L)8529
31,2015,8530,UFT.2015(L)8530
32,2015,8531,UFT.2015(L)8531
33,2015,8532,UFT.2015(L)8532
34,2015,8533,UFT.2015(L)8533
35,2015,8534,UFT.2015(L)8534
36,2015,8535,UFT.2015(L)8535
37,2015,8536,UFT.2015(L)8536
38,2015,8537,UFT.2015(L)8537
39,2015,8538,UFT.2015(L)8538
40,2015,8539,UFT.2015(L)8539
41,2015,8540,UFT.2015(L)8540
42,2015,8541,UFT.2015(L)8541
43,2015,8542,UFT.2015(L)8542
44,2015,8543,UFT.2015(L)8543
45,2015,8544,UFT.2015(L)8544
46,2015,8545,UFT.2015(L)8545
47,2015,8546,UFT.2015(L)8546
48,2015,8547,UFT.2015(L)8547
49,2015,8548,UFT.2015(L)8548
50,2015,8549,UFT.2015(L)8549
51,2015,8550,UFT.2015(L)8550
52,2015,8551,UFT.2015(L)8551
53,2015,8552,UFT.2015(L)8552
54,2015,8553,UFT.2015(L)8553
55,2015,8554,UFT.2015(L)8554
56,2015,8555,UFT.2015(L)8555
57,2015,8556,UFT.2015(L)8556
58,2015,8557,UFT.2015(L)8557
59,2015,8558,UFT.2015(L)8558
60,2015,8559,UFT.2015(L)8559
61,2015,8560,UFT.2015(L)8560
62,2015,8561,UFT.2015(L)8561
63,2015,8562,UFT.2015(L)8562
64,2015,8563,UFT.2015(L)8563
65,2015,8564,UFT.2015(L)8564
66,2015,8565,UFT.2015(L)8565
67,2015,8566,UFT.2015(L)8566
68,2015,8567,UFT.2015(L)8567
69,2015,8568,UFT.2015(L)8568
70,2015,8569,UFT.2015(L)8569
71,2015,8570,UFT.2015(L)8570
72,2015,8571,UFT.2015(L)8571
73,2015,8572,UFT.2015(L)8572
74,2015,8573,UFT.2015(L)8573
75,2015,8574,UFT.2015(L)8574
76,2015,8575,UFT.2015(L)8575
77,2015,8576,UFT.2015(L)8576
78,2015,8577,UFT.2015(L)8577
79,2015,8578,UFT.2015(L)8578
80,2015,8579,UFT.2015(L)8579
81,2015,8580,UFT.2015(L)8580
82,2014,6555,UFT.2014(L)6555
83,2014,6817,UFT.2014(L)6817
84,2014,6948,UFT.2014(L)6948
85,2014,6648,UFT.2014(L)6648
86,2014,6650,UFT.2014(L)6650
87,2014,7799,UFT.2014(L)7799
88,2014,7943,UFT.2014(L)7943
89,2014,7945,UFT.2014(L)7945
90,2014,7263,UFT.2014(L)7263
91,2014,7195,UFT.2014(L)7195
92,2014,7389,UFT.2014(L)7389
93,2014,7390,UFT.2014(L)7390
94,2014,7391,UFT.2014(L)7391
95,2014,7392,UFT.2014(L)7392
96,2014,7393,UFT.2014(L)7393
97,2014,7394,UFT.2014(L)7394
98,2014,7802,UFT.2014(L)7802
99,2014,7803,UFT.2014(L)7803
100,2014,7804,UFT.2014(L)7804
101,2014,6556,UFT.2014(L)6556
102,2014,6891,UFT.2014(L)6891
103,2014,7774,UFT.2014(L)7774
104,2014,7777,UFT.2014(L)7777
105,2014,7833,UFT.2014(L)7833
106,2014,7845,UFT.2014(L)7845
107,2014,7271,UFT.2014(L)7271
108,2014,7535,UFT.2014(L)7535
109,2014,7536,UFT.2014(L)7536
110,2014,7537,UFT.2014(L)7537
111,2014,7823,UFT.2014(L)7823
112,2014,7824,UFT.2014(L)7824
113,2014,7825,UFT.2014(L)7825
114,2014,7826,UFT.2014(L)7826
115,2014,7934,UFT.2014(L)7934
116,2014,7935,UFT.2014(L)7935
117,2014,6515,UFT.2014(L)6515
118,2014,6545,UFT.2014(L)6545
119,2014,6809,UFT.2014(L)6809
120,2014,6889,UFT.2014(L)6889
121,2014,6944,UFT.2014(L)6944
122,2014,7779,UFT.2014(L)7779
123,2014,7988,UFT.2014(L)7988
124,2014,7188,UFT.2014(L)7188
125,2014,7538,UFT.2014(L)7538
126,2014,7539,UFT.2014(L)7539
127,2014,7827,UFT.2014(L)7827
128,2014,7847,UFT.2014(L)7847
129,2014,7848,UFT.2014(L)7848
130,2014,7936,UFT.2014(L)7936
131,2014,8023,UFT.2014(L)8023
132,2014,7818,UFT.2014(L)7818
133,2014,7870,UFT.2014(L)7870
134,2014,6716,UFT.2014(L)6716
135,2014,6717,UFT.2014(L)6717
136,2014,6723,UFT.2014(L)6723
137,2014,6888,UFT.2014(L)6888
138,2014,6890,UFT.2014(L)6890
139,2014,6893,UFT.2014(L)6893
140,2014,7052,UFT.2014(L)7052
141,2014,7862,UFT.2014(L)7862
142,2014,7865,UFT.2014(L)7865
143,2014,7031,UFT.2014(L)7031
144,2014,7842,UFT.2014(L)7842
145,2014,7242,UFT.2014(L)7242
146,2014,7358,UFT.2014(L)7358
147,2014,7049,UFT.2014(L)7049
148,2014,7540,UFT.2014(L)7540
149,2014,7541,UFT.2014(L)7541
150,2014,7542,UFT.2014(L)7542
151,2014,7543,UFT.2014(L)7543
152,2014,7546,UFT.2014(L)7546
153,2014,7849,UFT.2014(L)7849
154,2014,7850,UFT.2014(L)7850
155,2014,7937,UFT.2014(L)7937
156,2014,7938,UFT.2014(L)7938
157,2014,6577,UFT.2014(L)6577
158,2014,7769,UFT.2014(L)7769
159,2014,7776,UFT.2014(L)7776
160,2014,6800,UFT.2014(L)6800
161,2014,7156,UFT.2014(L)7156
162,2014,7266,UFT.2014(L)7266
163,2014,7356,UFT.2014(L)7356
164,2014,7547,UFT.2014(L)7547
165,2014,7548,UFT.2014(L)7548
166,2014,7549,UFT.2014(L)7549
167,2014,7939,UFT.2014(L)7939
168,2014,7940,UFT.2014(L)7940
169,2014,8024,UFT.2014(L)8024
170,2014,6576,UFT.2014(L)6576
171,2014,7766,UFT.2014(L)7766
172,2014,7782,UFT.2014(L)7782
173,2014,7946,UFT.2014(L)7946
174,2014,7959,UFT.2014(L)7959
175,2014,7366,UFT.2014(L)7366
176,2014,7196,UFT.2014(L)7196
177,2014,7198,UFT.2014(L)7198
178,2014,7550,UFT.2014(L)7550
179,2014,7551,UFT.2014(L)7551
180,2014,7941,UFT.2014(L)7941
181,2014,6575,UFT.2014(L)6575
182,2014,6725,UFT.2014(L)6725
183,2014,6881,UFT.2014(L)6881
184,2014,7835,UFT.2014(L)7835
185,2014,7836,UFT.2014(L)7836
186,2014,6978,UFT.2014(L)6978
187,2014,7281,UFT.2014(L)7281
188,2014,7363,UFT.2014(L)7363
189,2014,7381,UFT.2014(L)7381
190,2014,6950,UFT.2014(L)6950
191,2014,6957,UFT.2014(L)6957
192,2014,7552,UFT.2014(L)7552
193,2014,7553,UFT.2014(L)7553
194,2014,7554,UFT.2014(L)7554
195,2014,7555,UFT.2014(L)7555
196,2014,7556,UFT.2014(L)7556
197,2014,7557,UFT.2014(L)7557
198,2014,7851,UFT.2014(L)7851
199,2014,7852,UFT.2014(L)7852
200,2014,7853,UFT.2014(L)7853
201,2014,7942,UFT.2014(L)7942
202,2014,7956,UFT.2014(L)7956
203,2014,7957,UFT.2014(L)7957
204,2014,6594,UFT.2014(L)6594
205,2014,7846,UFT.2014(L)7846
206,2014,7989,UFT.2014(L)7989
207,2014,7006,UFT.2014(L)7006
208,2014,7021,UFT.2014(L)7021
209,2014,7189,UFT.2014(L)7189
210,2014,7364,UFT.2014(L)7364
211,2014,7382,UFT.2014(L)7382
212,2014,7558,UFT.2014(L)7558
213,2014,7587,UFT.2014(L)7587
214,2014,7588,UFT.2014(L)7588
215,2014,7854,UFT.2014(L)7854
216,2014,7855,UFT.2014(L)7855
217,2014,7856,UFT.2014(L)7856
218,2014,7857,UFT.2014(L)7857
219,2014,7858,UFT.2014(L)7858
220,2014,7859,UFT.2014(L)7859
221,2014,7958,UFT.2014(L)7958
222,2014,7961,UFT.2014(L)7961
223,2014,6582,UFT.2014(L)6582
224,2014,7844,UFT.2014(L)7844
225,2014,6795,UFT.2014(L)6795
226,2014,6887,UFT.2014(L)6887
227,2014,7053,UFT.2014(L)7053
228,2014,7765,UFT.2014(L)7765
229,2014,7951,UFT.2014(L)7951
230,2014,6996,UFT.2014(L)6996
231,2014,7191,UFT.2014(L)7191
232,2014,7275,UFT.2014(L)7275
233,2014,7589,UFT.2014(L)7589
234,2014,7590,UFT.2014(L)7590
235,2014,7860,UFT.2014(L)7860
236,2014,7861,UFT.2014(L)7861
237,2014,7871,UFT.2014(L)7871
238,2014,7963,UFT.2014(L)7963
239,2014,6584,UFT.2014(L)6584
240,2014,6794,UFT.2014(L)6794
241,2014,7353,UFT.2014(L)7353
242,2014,7719,UFT.2014(L)7719
243,2014,7720,UFT.2014(L)7720
244,2014,7965,UFT.2014(L)7965
245,2014,6585,UFT.2014(L)6585
246,2014,6606,UFT.2014(L)6606
247,2014,6607,UFT.2014(L)6607
248,2014,6737,UFT.2014(L)6737
249,2014,6782,UFT.2014(L)6782
250,2014,6793,UFT.2014(L)6793
251,2014,6796,UFT.2014(L)6796
252,2014,6797,UFT.2014(L)6797
253,2014,6867,UFT.2014(L)6867
254,2014,6990,UFT.2014(L)6990
255,2014,7254,UFT.2014(L)7254
256,2014,7355,UFT.2014(L)7355
257,2014,7365,UFT.2014(L)7365
258,2014,7921,UFT.2014(L)7921
259,2014,7724,UFT.2014(L)7724
260,2014,7725,UFT.2014(L)7725
261,2014,7726,UFT.2014(L)7726
262,2014,7967,UFT.2014(L)7967
263,2014,7969,UFT.2014(L)7969
264,2014,7970,UFT.2014(L)7970
265,2014,7971,UFT.2014(L)7971
266,2014,7972,UFT.2014(L)7972
267,2014,8026,UFT.2014(L)8026
268,2014,6808,UFT.2014(L)6808
269,2014,6568,UFT.2014(L)6568
270,2014,6644,UFT.2014(L)6644
271,2014,6645,UFT.2014(L)6645
272,2014,6705,UFT.2014(L)6705
273,2014,7840,UFT.2014(L)7840
274,2014,6622,UFT.2014(L)6622
275,2014,7192,UFT.2014(L)7192
276,2014,7395,UFT.2014(L)7395
277,2014,7397,UFT.2014(L)7397
278,2014,7398,UFT.2014(L)7398
279,2014,7805,UFT.2014(L)7805
280,2014,7806,UFT.2014(L)7806
281,2014,6595,UFT.2014(L)6595
282,2014,6700,UFT.2014(L)6700
283,2014,6702,UFT.2014(L)6702
284,2014,6746,UFT.2014(L)6746
285,2014,6768,UFT.2014(L)6768
286,2014,6790,UFT.2014(L)6790
287,2014,6792,UFT.2014(L)6792
288,2014,6870,UFT.2014(L)6870
289,2014,7098,UFT.2014(L)7098
290,2014,7153,UFT.2014(L)7153
291,2014,7158,UFT.2014(L)7158
292,2014,7268,UFT.2014(L)7268
293,2014,7729,UFT.2014(L)7729
294,2014,7730,UFT.2014(L)7730
295,2014,7973,UFT.2014(L)7973
296,2014,7974,UFT.2014(L)7974
297,2014,6591,UFT.2014(L)6591
298,2014,6720,UFT.2014(L)6720
299,2014,6745,UFT.2014(L)6745
300,2014,6753,UFT.2014(L)6753
301,2014,7019,UFT.2014(L)7019
302,2014,7249,UFT.2014(L)7249
303,2014,7258,UFT.2014(L)7258
304,2014,7733,UFT.2014(L)7733
305,2014,7734,UFT.2014(L)7734
306,2014,7872,UFT.2014(L)7872
307,2014,7873,UFT.2014(L)7873
308,2014,7876,UFT.2014(L)7876
309,2014,7877,UFT.2014(L)7877
310,2014,7878,UFT.2014(L)7878
311,2014,7977,UFT.2014(L)7977
312,2014,7910,UFT.2014(L)7910
313,2014,6732,UFT.2014(L)6732
314,2014,6754,UFT.2014(L)6754
315,2014,6761,UFT.2014(L)6761
316,2014,6784,UFT.2014(L)6784
317,2014,6872,UFT.2014(L)6872
318,2014,7159,UFT.2014(L)7159
319,2014,7248,UFT.2014(L)7248
320,2014,7272,UFT.2014(L)7272
321,2014,7359,UFT.2014(L)7359
322,2014,7735,UFT.2014(L)7735
323,2014,7737,UFT.2014(L)7737
324,2014,7738,UFT.2014(L)7738
325,2014,7980,UFT.2014(L)7980
326,2014,8027,UFT.2014(L)8027
327,2014,7880,UFT.2014(L)7880
328,2014,7881,UFT.2014(L)7881
329,2014,7882,UFT.2014(L)7882
330,2014,6578,UFT.2014(L)6578
331,2014,6581,UFT.2014(L)6581
332,2014,6706,UFT.2014(L)6706
333,2014,7784,UFT.2014(L)7784
334,2014,6742,UFT.2014(L)6742
335,2014,6837,UFT.2014(L)6837
336,2014,6849,UFT.2014(L)6849
337,2014,7236,UFT.2014(L)7236
338,2014,7384,UFT.2014(L)7384
339,2014,7739,UFT.2014(L)7739
340,2014,7883,UFT.2014(L)7883
341,2014,7887,UFT.2014(L)7887
342,2014,7888,UFT.2014(L)7888
343,2014,7889,UFT.2014(L)7889
344,2014,7982,UFT.2014(L)7982
345,2014,7983,UFT.2014(L)7983
346,2014,7984,UFT.2014(L)7984
347,2014,6571,UFT.2014(L)6571
348,2014,6610,UFT.2014(L)6610
349,2014,6846,UFT.2014(L)6846
350,2014,6986,UFT.2014(L)6986
351,2014,7154,UFT.2014(L)7154
352,2014,7157,UFT.2014(L)7157
353,2014,7240,UFT.2014(L)7240
354,2014,7387,UFT.2014(L)7387
355,2014,7920,UFT.2014(L)7920
356,2014,7954,UFT.2014(L)7954
357,2014,7742,UFT.2014(L)7742
358,2014,7743,UFT.2014(L)7743
359,2014,7744,UFT.2014(L)7744
360,2014,7985,UFT.2014(L)7985
361,2014,7987,UFT.2014(L)7987
362,2014,6982,UFT.2014(L)6982
363,2014,6588,UFT.2014(L)6588
364,2014,7949,UFT.2014(L)7949
365,2014,6608,UFT.2014(L)6608
366,2014,6609,UFT.2014(L)6609
367,2014,6759,UFT.2014(L)6759
368,2014,7160,UFT.2014(L)7160
369,2014,7383,UFT.2014(L)7383
370,2014,7947,UFT.2014(L)7947
371,2014,7966,UFT.2014(L)7966
372,2014,7747,UFT.2014(L)7747
373,2014,7748,UFT.2014(L)7748
374,2014,7749,UFT.2014(L)7749
375,2014,7750,UFT.2014(L)7750
376,2014,7890,UFT.2014(L)7890
377,2014,7891,UFT.2014(L)7891
378,2014,7892,UFT.2014(L)7892
379,2014,7893,UFT.2014(L)7893
380,2014,7761,UFT.2014(L)7761
381,2014,6615,UFT.2014(L)6615
382,2014,6762,UFT.2014(L)6762
383,2014,7328,UFT.2014(L)7328
384,2014,7333,UFT.2014(L)7333
385,2014,7953,UFT.2014(L)7953
386,2014,7238,UFT.2014(L)7238
387,2014,7251,UFT.2014(L)7251
388,2014,7252,UFT.2014(L)7252
389,2014,7962,UFT.2014(L)7962
390,2014,7751,UFT.2014(L)7751
391,2014,7752,UFT.2014(L)7752
392,2014,7894,UFT.2014(L)7894
393,2014,7896,UFT.2014(L)7896
394,2014,7897,UFT.2014(L)7897
395,2014,7991,UFT.2014(L)7991
396,2014,7332,UFT.2014(L)7332
397,2014,6740,UFT.2014(L)6740
398,2014,6614,UFT.2014(L)6614
399,2014,6750,UFT.2014(L)6750
400,2014,7917,UFT.2014(L)7917
401,2014,7919,UFT.2014(L)7919
402,2014,7950,UFT.2014(L)7950
403,2014,7964,UFT.2014(L)7964
404,2014,7992,UFT.2014(L)7992
405,2014,7993,UFT.2014(L)7993
406,2014,7995,UFT.2014(L)7995
407,2014,6564,UFT.2014(L)6564
408,2014,6598,UFT.2014(L)6598
409,2014,7838,UFT.2014(L)7838
410,2014,6747,UFT.2014(L)6747
411,2014,7054,UFT.2014(L)7054
412,2014,7756,UFT.2014(L)7756
413,2014,7760,UFT.2014(L)7760
414,2014,7770,UFT.2014(L)7770
415,2014,7898,UFT.2014(L)7898
416,2014,7899,UFT.2014(L)7899
417,2014,7900,UFT.2014(L)7900
418,2014,7901,UFT.2014(L)7901
419,2014,7996,UFT.2014(L)7996
420,2014,6586,UFT.2014(L)6586
421,2014,7843,UFT.2014(L)7843
422,2014,6760,UFT.2014(L)6760
423,2014,7179,UFT.2014(L)7179
424,2014,7299,UFT.2014(L)7299
425,2014,7301,UFT.2014(L)7301
426,2014,7194,UFT.2014(L)7194
427,2014,7200,UFT.2014(L)7200
428,2014,7771,UFT.2014(L)7771
429,2014,7772,UFT.2014(L)7772
430,2014,7773,UFT.2014(L)7773
431,2014,7902,UFT.2014(L)7902
432,2014,7905,UFT.2014(L)7905
433,2014,7997,UFT.2014(L)7997
434,2014,8028,UFT.2014(L)8028
435,2014,6536,UFT.2014(L)6536
436,2014,6822,UFT.2014(L)6822
437,2014,6828,UFT.2014(L)6828
438,2014,6566,UFT.2014(L)6566
439,2014,6580,UFT.2014(L)6580
440,2014,6587,UFT.2014(L)6587
441,2014,6593,UFT.2014(L)6593
442,2014,7783,UFT.2014(L)7783
443,2014,7867,UFT.2014(L)7867
444,2014,7099,UFT.2014(L)7099
445,2014,7255,UFT.2014(L)7255
446,2014,7399,UFT.2014(L)7399
447,2014,7500,UFT.2014(L)7500
448,2014,7501,UFT.2014(L)7501
449,2014,7503,UFT.2014(L)7503
450,2014,7807,UFT.2014(L)7807
451,2014,7808,UFT.2014(L)7808
452,2014,7809,UFT.2014(L)7809
453,2014,7908,UFT.2014(L)7908
454,2014,8002,UFT.2014(L)8002
455,2014,6647,UFT.2014(L)6647
456,2014,6726,UFT.2014(L)6726
457,2014,7798,UFT.2014(L)7798
458,2014,6623,UFT.2014(L)6623
459,2014,6624,UFT.2014(L)6624
460,2014,6757,UFT.2014(L)6757
461,2014,7916,UFT.2014(L)7916
462,2014,7918,UFT.2014(L)7918
463,2014,7952,UFT.2014(L)7952
464,2014,7787,UFT.2014(L)7787
465,2014,7788,UFT.2014(L)7788
466,2014,7789,UFT.2014(L)7789
467,2014,7801,UFT.2014(L)7801
468,2014,7906,UFT.2014(L)7906
469,2014,7907,UFT.2014(L)7907
470,2014,7999,UFT.2014(L)7999
471,2014,8000,UFT.2014(L)8000
472,2014,8001,UFT.2014(L)8001
473,2014,8029,UFT.2014(L)8029
474,2014,6626,UFT.2014(L)6626
475,2014,7800,UFT.2014(L)7800
476,2014,6819,UFT.2014(L)6819
477,2014,6567,UFT.2014(L)6567
478,2014,6651,UFT.2014(L)6651
479,2014,7785,UFT.2014(L)7785
480,2014,7839,UFT.2014(L)7839
481,2014,7869,UFT.2014(L)7869
482,2014,7260,UFT.2014(L)7260
483,2014,7505,UFT.2014(L)7505
484,2014,7507,UFT.2014(L)7507
485,2014,7520,UFT.2014(L)7520
486,2014,7922,UFT.2014(L)7922
487,2014,8003,UFT.2014(L)8003
488,2014,6539,UFT.2014(L)6539
489,2014,6833,UFT.2014(L)6833
490,2014,7767,UFT.2014(L)7767
491,2014,6649,UFT.2014(L)6649
492,2014,6776,UFT.2014(L)6776
493,2014,6882,UFT.2014(L)6882
494,2014,6884,UFT.2014(L)6884
495,2014,6894,UFT.2014(L)6894
496,2014,6902,UFT.2014(L)6902
497,2014,6942,UFT.2014(L)6942
498,2014,7764,UFT.2014(L)7764
499,2014,7786,UFT.2014(L)7786
500,2014,7864,UFT.2014(L)7864
501,2014,7868,UFT.2014(L)7868
502,2014,7259,UFT.2014(L)7259
503,2014,7264,UFT.2014(L)7264
504,2014,7193,UFT.2014(L)7193
505,2014,7968,UFT.2014(L)7968
506,2014,7516,UFT.2014(L)7516
507,2014,7517,UFT.2014(L)7517
508,2014,7519,UFT.2014(L)7519
509,2014,7923,UFT.2014(L)7923
510,2014,7924,UFT.2014(L)7924
511,2014,6554,UFT.2014(L)6554
512,2014,6815,UFT.2014(L)6815
513,2014,6885,UFT.2014(L)6885
514,2014,6886,UFT.2014(L)6886
515,2014,6892,UFT.2014(L)6892
516,2014,6895,UFT.2014(L)6895
517,2014,7162,UFT.2014(L)7162
518,2014,7257,UFT.2014(L)7257
519,2014,7362,UFT.2014(L)7362
520,2014,7512,UFT.2014(L)7512
521,2014,7513,UFT.2014(L)7513
522,2014,7514,UFT.2014(L)7514
523,2014,7515,UFT.2014(L)7515
524,2014,7811,UFT.2014(L)7811
525,2014,7812,UFT.2014(L)7812
526,2014,7925,UFT.2014(L)7925
527,2014,6820,UFT.2014(L)6820
528,2014,6901,UFT.2014(L)6901
529,2014,7775,UFT.2014(L)7775
530,2014,7778,UFT.2014(L)7778
531,2014,7781,UFT.2014(L)7781
532,2014,7832,UFT.2014(L)7832
533,2014,7834,UFT.2014(L)7834
534,2014,7837,UFT.2014(L)7837
535,2014,7841,UFT.2014(L)7841
536,2014,7904,UFT.2014(L)7904
537,2014,7235,UFT.2014(L)7235
538,2014,7057,UFT.2014(L)7057
539,2014,7508,UFT.2014(L)7508
540,2014,7813,UFT.2014(L)7813
541,2014,816,UFT.2014(L)816
542,2014,7817,UFT.2014(L)7817
543,2014,7928,UFT.2014(L)7928
544,2014,8004,UFT.2014(L)8004
545,2014,6807,UFT.2014(L)6807
546,2014,7768,UFT.2014(L)7768
547,2014,7780,UFT.2014(L)7780
548,2014,7909,UFT.2014(L)7909
549,2014,7269,UFT.2014(L)7269
550,2014,7277,UFT.2014(L)7277
551,2014,7197,UFT.2014(L)7197
552,2014,7199,UFT.2014(L)7199
553,2014,7524,UFT.2014(L)7524
554,2014,7525,UFT.2014(L)7525
555,2014,7526,UFT.2014(L)7526
556,2014,7527,UFT.2014(L)7527
557,2014,7528,UFT.2014(L)7528
558,2014,7818b,UFT.2014(L)7818b
559,2014,7819,UFT.2014(L)7819
560,2014,7821,UFT.2014(L)7821
561,2014,7930,UFT.2014(L)7930
562,2014,7931,UFT.2014(L)7931
563,2014,8022,UFT.2014(L)8022
564,2014,6811,UFT.2014(L)6811
565,2014,6824,UFT.2014(L)6824
566,2014,6831,UFT.2014(L)6831
567,2014,6883,UFT.2014(L)6883
568,2014,7944,UFT.2014(L)7944
569,2014,7278,UFT.2014(L)7278
570,2014,7529,UFT.2014(L)7529
571,2014,7531,UFT.2014(L)7531
572,2014,7532,UFT.2014(L)7532
573,2014,7533,UFT.2014(L)7533
574,2014,7534,UFT.2014(L)7534
575,2014,7932,UFT.2014(L)7932
576,2014,7933,UFT.2014(L)7933
577,2015,7559,UFT.2015(L)7559
578,2015,7560,UFT.2015(L)7560
579,2015,7561,UFT.2015(L)7561
580,2015,7562,UFT.2015(L)7562
581,2015,7563,UFT.2015(L)7563
582,2015,7564,UFT.2015(L)7564
583,2015,7565,UFT.2015(L)7565
584,2015,7566,UFT.2015(L)7566
585,2015,7567,UFT.2015(L)7567
586,2015,7568,UFT.2015(L)7568
587,2015,7569,UFT.2015(L)7569
588,2015,7570,UFT.2015(L)7570
589,2015,7571,UFT.2015(L)7571
590,2015,7572,UFT.2015(L)7572
591,2015,7573,UFT.2015(L)7573
592,2015,7574,UFT.2015(L)7574
593,2015,7575,UFT.2015(L)7575
594,2015,7576,UFT.2015(L)7576
595,2015,7577,UFT.2015(L)7577
596,2015,7578,UFT.2015(L)7578
597,2015,7579,UFT.2015(L)7579
598,2015,7580,UFT.2015(L)7580
599,2015,7581,UFT.2015(L)7581
600,2015,7582,UFT.2015(L)7582
601,2015,7583,UFT.2015(L)7583
602,2015,7584,UFT.2015(L)7584
603,2015,7585,UFT.2015(L)7585
604,2015,7593,UFT.2015(L)7593
605,2015,7594,UFT.2015(L)7594
606,2015,7595,UFT.2015(L)7595
607,2015,7596,UFT.2015(L)7596
608,2015,7597,UFT.2015(L)7597
609,2015,7598,UFT.2015(L)7598
610,2015,7599,UFT.2015(L)7599
611,2015,7700,UFT.2015(L)7700
612,2015,7701,UFT.2015(L)7701
613,2015,7702,UFT.2015(L)7702
614,2015,7703,UFT.2015(L)7703
615,2015,7704,UFT.2015(L)7704
616,2015,7705,UFT.2015(L)7705
617,2015,7706,UFT.2015(L)7706
618,2015,7707,UFT.2015(L)7707
619,2015,7708,UFT.2015(L)7708
620,2015,7709,UFT.2015(L)7709
621,2015,7710,UFT.2015(L)7710
622,2015,7711,UFT.2015(L)7711
623,2015,7712,UFT.2015(L)7712
624,2015,7713,UFT.2015(L)7713
625,2015,7787,UFT.2015(L)7787
626,2015,7788,UFT.2015(L)7788
627,2015,7789,UFT.2015(L)7789
628,2015,7790,UFT.2015(L)7790
629,2015,7791,UFT.2015(L)7791
630,2015,7792,UFT.2015(L)7792
631,2015,7793,UFT.2015(L)7793
632,2015,7794,UFT.2015(L)7794
633,2015,7795,UFT.2015(L)7795
634,2015,7796,UFT.2015(L)7796
635,2015,7797,UFT.2015(L)7797
636,2015,7874,UFT.2015(L)7874
637,2015,7875,UFT.2015(L)7875
638,2015,7884,UFT.2015(L)7884
639,2015,7885,UFT.2015(L)7885
640,2015,7886,UFT.2015(L)7886
641,2015,7912,UFT.2015(L)7912
642,2015,7913,UFT.2015(L)7913
643,2015,7914,UFT.2015(L)7914
644,2015,8600,UFT.2015(L)8600
645,2015,8601,UFT.2015(L)8601
646,2015,8602,UFT.2015(L)8602
647,2015,8603,UFT.2015(L)8603
648,2015,8604,UFT.2015(L)8604
649,2015,8605,UFT.2015(L)8605
650,2015,8606,UFT.2015(L)8606
651,2015,8607,UFT.2015(L)8607
652,2015,8608,UFT.2015(L)8608
653,2015,8609,UFT.2015(L)8609
654,2015,8610,UFT.2015(L)8610
655,2015,8611,UFT.2015(L)8611
656,2015,8612,UFT.2015(L)8612
657,2015,8613,UFT.2015(L)8613
658,2015,8614,UFT.2015(L)8614
659,2015,8615,UFT.2015(L)8615
660,2015,8616,UFT.2015(L)8616
661,2015,8617,UFT.2015(L)8617
662,2015,8618,UFT.2015(L)8618
663,2015,8619,UFT.2015(L)8619
664,2015,8620,UFT.2015(L)8620
665,2015,8621,UFT.2015(L)8621
666,2015,8622,UFT.2015(L)8622
667,2015,8623,UFT.2015(L)8623
668,2015,8624,UFT.2015(L)8624
669,2015,8625,UFT.2015(L)8625
670,2015,8626,UFT.2015(L)8626
671,2015,8627,UFT.2015(L)8627
672,2015,8628,UFT.2015(L)8628
673,2015,8629,UFT.2015(L)8629
674,2015,8630,UFT.2015(L)8630
675,2015,8631,UFT.2015(L)8631
676,2015,8632,UFT.2015(L)8632
677,2015,8633,UFT.2015(L)8633
678,2015,8634,UFT.2015(L)8634
679,2015,8635,UFT.2015(L)8635
680,2015,8636,UFT.2015(L)8636
681,2015,8637,UFT.2015(L)8637
682,2015,8638,UFT.2015(L)8638
683,2015,8639,UFT.2015(L)8639
684,2015,8640,UFT.2015(L)8640
685,2015,8641,UFT.2015(L)8641
686,2015,8642,UFT.2015(L)8642
687,2015,8643,UFT.2015(L)8643
688,2015,8644,UFT.2015(L)8644
689,2015,8645,UFT.2015(L)8645
690,2015,8646,UFT.2015(L)8646
691,2015,8647,UFT.2015(L)8647
692,2015,8648,UFT.2015(L)8648
693,2015,8649,UFT.2015(L)8649
694,2015,8650,UFT.2015(L)8650
695,2015,8651,UFT.2015(L)8651
696,2015,8652,UFT.2015(L)8652
697,2015,8005,UFT.2015(L)8005
698,2015,8006,UFT.2015(L)8006
699,2015,8007,UFT.2015(L)8007
700,2015,8008,UFT.2015(L)8008
701,2015,8009,UFT.2015(L)8009
702,2015,8010,UFT.2015(L)8010
703,2015,8011,UFT.2015(L)8011
704,2015,8012,UFT.2015(L)8012
705,2015,8013,UFT.2015(L)8013
706,2015,8014,UFT.2015(L)8014
707,2015,8015,UFT.2015(L)8015
708,2015,8016,UFT.2015(L)8016
709,2015,8017,UFT.2015(L)8017
710,2015,8018,UFT.2015(L)8018
711,2015,8019,UFT.2015(L)8019
712,2015,8020,UFT.2015(L)8020
713,2015,8021,UFT.2015(L)8021
714,2015,8030,UFT.2015(L)8030
715,2015,8031,UFT.2015(L)8031
716,2015,8032,UFT.2015(L)8032
717,2015,8033,UFT.2015(L)8033
718,2015,8034,UFT.2015(L)8034
719,2015,8035,UFT.2015(L)8035
720,2015,8036,UFT.2015(L)8036
721,2015,8037,UFT.2015(L)8037
722,2015,8038,UFT.2015(L)8038
723,2015,8039,UFT.2015(L)8039
724,2015,8040,UFT.2015(L)8040
725,2015,8041,UFT.2015(L)8041
726,2015,8042,UFT.2015(L)8042
727,2015,8043,UFT.2015(L)8043
728,2015,8044,UFT.2015(L)8044
729,2015,8045,UFT.2015(L)8045
730,2015,8046,UFT.2015(L)8046
731,2015,8047,UFT.2015(L)8047
732,2015,8048,UFT.2015(L)8048
733,2015,8049,UFT.2015(L)8049
734,2015,8050,UFT.2015(L)8050
735,2015,8056,UFT.2015(L)8056
736,2015,8057,UFT.2015(L)8057
737,2015,8058,UFT.2015(L)8058
738,2015,8059,UFT.2015(L)8059
739,2015,8060,UFT.2015(L)8060
740,2015,8061,UFT.2015(L)8061
741,2015,8062,UFT.2015(L)8062
742,2015,8063,UFT.2015(L)8063
743,2015,8064,UFT.2015(L)8064
744,2015,8065,UFT.2015(L)8065
745,2015,8067,UFT.2015(L)8067
746,2015,8071,UFT.2015(L)8071
747,2015,8072,UFT.2015(L)8072
748,2015,8073,UFT.2015(L)8073
749,2015,8074,UFT.2015(L)8074
750,2015,8075,UFT.2015(L)8075
751,2015,8076,UFT.2015(L)8076
752,2015,8077,UFT.2015(L)8077
753,2015,8078,UFT.2015(L)8078
754,2015,8079,UFT.2015(L)8079
755,2015,8080,UFT.2015(L)8080
756,2015,8081,UFT.2015(L)8081
757,2015,8082,UFT.2015(L)8082
758,2015,8083,UFT.2015(L)8083
759,2015,8084 (A),UFT.2015(L)8084 (A)
760,2015,8084 (B),UFT.2015(L)8084 (B)
761,2015,8085,UFT.2015(L)8085
762,2015,8086,UFT.2015(L)8086
763,2015,8087,UFT.2015(L)8087
764,2015,8088,UFT.2015(L)8088
765,2015,8089,UFT.2015(L)8089
766,2015,8090,UFT.2015(L)8090
767,2015,8091,UFT.2015(L)8091
768,2015,8092,UFT.2015(L)8092
